IP Address,Lanlite,302 Lanlite Switches out of 420 Total Site Rack Switches
10.1.8.200,Lanlite,
10.1.14.200,Lanlite,
10.2.1.200,Lanlite,
10.2.2.200,Lanlite,
10.2.3.200,Lanlite,
10.2.4.200,Lanlite,
10.2.5.200,Lanlite,
10.2.6.200,Lanlite,
10.2.7.200,Lanlite,
10.2.8.200,Lanlite,
10.2.9.200,Lanlite,
10.2.10.200,Lanlite,
10.2.11.200,Lanlite,
10.2.12.200,Lanlite,
10.2.13.200,Lanlite,
10.2.14.200,Lanlite,
10.3.1.200,Lanlite,
10.3.2.200,Lanlite,
10.3.3.200,Lanlite,
10.3.4.200,Lanlite,
10.3.5.200,Lanlite,
10.3.6.200,Lanlite,
10.3.7.200,Lanlite,
10.3.8.200,Lanlite,
10.3.9.200,Lanlite,
10.3.10.200,Lanlite,
10.3.11.200,Lanlite,
10.3.12.200,Lanlite,
10.3.13.200,Lanlite,
10.3.14.200,Lanlite,
10.3.1.201,Lanlite,
10.3.2.201,Lanlite,
10.3.3.201,Lanlite,
10.3.4.201,Lanlite,
10.3.5.201,Lanlite,
10.3.6.201,Lanlite,
10.3.7.201,Lanlite,
10.3.8.201,Lanlite,
10.3.9.201,Lanlite,
10.3.10.201,Lanlite,
10.3.11.201,Lanlite,
10.3.12.201,Lanlite,
10.3.13.201,Lanlite,
10.3.14.201,Lanlite,
10.4.1.200,Lanlite,
10.4.2.200,Lanlite,
10.4.3.200,Lanlite,
10.4.4.200,Lanlite,
10.4.5.200,Lanlite,
10.4.6.200,Lanlite,
10.4.7.200,Lanlite,
10.4.8.200,Lanlite,
10.4.9.200,Lanlite,
10.4.10.200,Lanlite,
10.4.11.200,Lanlite,
10.4.12.200,Lanlite,
10.4.13.200,Lanlite,
10.4.14.200,Lanlite,
10.4.1.201,Lanlite,
10.4.2.201,Lanlite,
10.4.3.201,Lanlite,
10.4.4.201,Lanlite,
10.4.5.201,Lanlite,
10.4.6.201,Lanlite,
10.4.7.201,Lanlite,
10.4.8.201,Lanlite,
10.4.9.201,Lanlite,
10.4.10.201,Lanlite,
10.4.11.201,Lanlite,
10.4.12.201,Lanlite,
10.4.13.201,Lanlite,
10.4.14.201,Lanlite,
10.5.1.200,Lanlite,
10.5.2.200,Lanlite,
10.5.3.200,Lanlite,
10.5.4.200,Lanlite,
10.5.5.200,Lanlite,
10.5.6.200,Lanlite,
10.5.7.200,Lanlite,
10.5.8.200,Lanlite,
10.5.9.200,Lanlite,
10.5.10.200,Lanlite,
10.5.11.200,Lanlite,
10.5.12.200,Lanlite,
10.5.1.201,Lanlite,
10.5.2.201,Lanlite,
10.5.3.201,Lanlite,
10.5.4.201,Lanlite,
10.5.5.201,Lanlite,
10.5.6.201,Lanlite,
10.5.7.201,Lanlite,
10.5.8.201,Lanlite,
10.5.9.201,Lanlite,
10.5.10.201,Lanlite,
10.5.11.201,Lanlite,
10.5.12.201,Lanlite,
10.6.1.200,Lanlite,
10.6.2.200,Lanlite,
10.6.3.200,Lanlite,
10.6.4.200,Lanlite,
10.6.5.200,Lanlite,
10.6.6.200,Lanlite,
10.6.7.200,Lanlite,
10.6.8.200,Lanlite,
10.6.9.200,Lanlite,
10.6.10.200,Lanlite,
10.6.11.200,Lanlite,
10.6.12.200,Lanlite,
10.6.13.200,Lanlite,
10.6.14.200,Lanlite,
10.7.1.200,Lanlite,
10.7.13.200,Lanlite,
10.8.1.200,Lanlite,
10.8.2.200,Lanlite,
10.8.3.200,Lanlite,
10.8.4.200,Lanlite,
10.8.5.200,Lanlite,
10.8.6.200,Lanlite,
10.8.7.200,Lanlite,
10.8.8.200,Lanlite,
10.8.9.200,Lanlite,
10.8.10.200,Lanlite,
10.8.11.200,Lanlite,
10.8.12.200,Lanlite,
10.8.13.200,Lanlite,
10.8.14.200,Lanlite,
10.9.1.200,Lanlite,
10.9.2.200,Lanlite,
10.9.3.200,Lanlite,
10.9.4.200,Lanlite,
10.9.5.200,Lanlite,
10.9.6.200,Lanlite,
10.9.7.200,Lanlite,
10.9.8.200,Lanlite,
10.9.9.200,Lanlite,
10.9.10.200,Lanlite,
10.9.11.200,Lanlite,
10.9.12.200,Lanlite,
10.9.13.200,Lanlite,
10.9.14.200,Lanlite,
10.10.1.200,Lanlite,
10.10.2.200,Lanlite,
10.10.3.200,Lanlite,
10.10.4.200,Lanlite,
10.10.5.200,Lanlite,
10.10.6.200,Lanlite,
10.10.7.200,Lanlite,
10.10.8.200,Lanlite,
10.10.10.200,Lanlite,
10.10.11.200,Lanlite,
10.10.12.200,Lanlite,
10.10.13.200,Lanlite,
10.10.14.200,Lanlite,
10.11.1.200,Lanlite,
10.11.3.200,Lanlite,
10.11.7.200,Lanlite,
10.11.8.200,Lanlite,
10.12.1.200,Lanlite,
10.12.2.200,Lanlite,
10.12.3.200,Lanlite,
10.12.4.200,Lanlite,
10.12.5.200,Lanlite,
10.12.6.200,Lanlite,
10.12.7.200,Lanlite,
10.12.8.200,Lanlite,
10.12.9.200,Lanlite,
10.12.10.200,Lanlite,
10.12.11.200,Lanlite,
10.12.12.200,Lanlite,
10.12.13.200,Lanlite,
10.12.14.200,Lanlite,
10.13.1.200,Lanlite,
10.13.2.200,Lanlite,
10.13.3.200,Lanlite,
10.13.4.200,Lanlite,
10.13.5.200,Lanlite,
10.13.6.200,Lanlite,
10.13.7.200,Lanlite,
10.13.8.200,Lanlite,
10.13.9.200,Lanlite,
10.13.10.200,Lanlite,
10.13.11.200,Lanlite,
10.13.12.200,Lanlite,
10.13.13.200,Lanlite,
10.13.14.200,Lanlite,
10.14.1.200,Lanlite,
10.14.2.200,Lanlite,
10.14.3.200,Lanlite,
10.14.4.200,Lanlite,
10.14.5.200,Lanlite,
10.14.6.200,Lanlite,
10.14.7.200,Lanlite,
10.14.8.200,Lanlite,
10.14.9.200,Lanlite,
10.14.10.200,Lanlite,
10.14.11.200,Lanlite,
10.14.12.200,Lanlite,
10.14.13.200,Lanlite,
10.14.14.200,Lanlite,
10.15.1.200,Lanlite,
10.15.2.200,Lanlite,
10.15.3.200,Lanlite,
10.15.4.200,Lanlite,
10.15.5.200,Lanlite,
10.15.6.200,Lanlite,
10.15.7.200,Lanlite,
10.15.8.200,Lanlite,
10.15.9.200,Lanlite,
10.15.10.200,Lanlite,
10.15.11.200,Lanlite,
10.15.12.200,Lanlite,
10.15.13.200,Lanlite,
10.15.14.200,Lanlite,
10.16.2.200,Lanlite,
10.16.5.200,Lanlite,
10.16.8.200,Lanlite,
10.16.11.200,Lanlite,
10.16.12.200,Lanlite,
10.16.13.200,Lanlite,
10.17.1.200,Lanlite,
10.17.6.200,Lanlite,
10.17.14.200,Lanlite,
10.18.9.200,Lanlite,
10.19.12.200,Lanlite,
10.20.1.200,Lanlite,
10.20.2.200,Lanlite,
10.20.3.200,Lanlite,
10.20.5.200,Lanlite,
10.20.6.200,Lanlite,
10.20.7.200,Lanlite,
10.20.11.200,Lanlite,
10.20.12.200,Lanlite,
10.21.2.200,Lanlite,
10.21.5.200,Lanlite,
10.22.5.200,Lanlite,
10.23.1.200,Lanlite,
10.23.2.200,Lanlite,
10.23.3.200,Lanlite,
10.23.4.200,Lanlite,
10.23.7.200,Lanlite,
10.23.8.200,Lanlite,
10.23.9.200,Lanlite,
10.23.10.200,Lanlite,
10.23.11.200,Lanlite,
10.23.12.200,Lanlite,
10.23.13.200,Lanlite,
10.23.14.200,Lanlite,
10.24.1.200,Lanlite,
10.24.2.200,Lanlite,
10.24.3.200,Lanlite,
10.24.4.200,Lanlite,
10.24.5.200,Lanlite,
10.24.6.200,Lanlite,
10.24.7.200,Lanlite,
10.24.8.200,Lanlite,
10.24.9.200,Lanlite,
10.24.10.200,Lanlite,
10.24.11.200,Lanlite,
10.24.12.200,Lanlite,
10.24.13.200,Lanlite,
10.24.14.200,Lanlite,
10.25.1.200,Lanlite,
10.25.2.200,Lanlite,
10.25.3.200,Lanlite,
10.25.4.200,Lanlite,
10.25.5.200,Lanlite,
10.25.6.200,Lanlite,
10.25.7.200,Lanlite,
10.25.8.200,Lanlite,
10.25.9.200,Lanlite,
10.25.10.200,Lanlite,
10.25.11.200,Lanlite,
10.25.12.200,Lanlite,
10.25.13.200,Lanlite,
10.25.14.200,Lanlite,
10.26.1.200,Lanlite,
10.26.2.200,Lanlite,
10.26.3.200,Lanlite,
10.26.4.200,Lanlite,
10.26.5.200,Lanlite,
10.26.6.200,Lanlite,
10.26.7.200,Lanlite,
10.26.8.200,Lanlite,
10.26.9.200,Lanlite,
10.26.10.200,Lanlite,
10.26.11.200,Lanlite,
10.26.12.200,Lanlite,
10.26.13.200,Lanlite,
10.26.14.200,Lanlite,
10.27.1.200,Lanlite,
10.27.2.200,Lanlite,
10.27.3.200,Lanlite,
10.27.5.200,Lanlite,
10.27.6.200,Lanlite,
10.27.7.200,Lanlite,
10.27.8.200,Lanlite,
10.27.9.200,Lanlite,
10.27.10.200,Lanlite,
10.27.11.200,Lanlite,
10.27.12.200,Lanlite,
10.27.13.200,Lanlite,
10.27.14.200,Lanlite,
